Mira,protein,protein_coordinate
M1,ORF1ab,HTTDPSFLGRY
M3,ORF1ab,FVDGVPFVV
M4,M,FLWLLWPVT_FLWLLWPVTL_LWLLWPVTL_LWPVTLACF_TLACFVLAAV_WLLWPVTLA_WPVTLACFVL
M6,ORF1ab,KLSYGIATV
M5,ORF1ab,FLNGSCGSV
M2,ORF10,AFPFTIYSL_GYINVFAFPF_INVFAFPFTI_MGYINVFAF_NVFAFPFTI_NVFAFPFTIY_YINVFAFPF
M7,ORF3a,SEHDYQIGGYTEKW_YQIGGYTEK_YQIGGYTEKW
M8,ORF1ab,APKEIIFL_KEIIFLEGETL
M9,ORF3a,FLQSINFVR_FLQSINFVRI_FLYLYALVYF_GLEAPFLYLY_INFVRIIMR_LQSINFVRI_LQSINFVRII_QSINFVRII_SINFVRIIMR_VYFLQSINF_VYFLQSINFV_YFLQSINFVR_YLYALVYFL
M11,ORF7a,ELYSPIFLI_LYSPIFLIV_QELYSPIFL_VQELYSPIF_VQELYSPIFL
M10,N,LSPRWYFYY_SPRWYFYYL
M12,N,GMEVTPSGTWL_MEVTPSGTWL_TPSGTWLTY_VTPSGTWLTY
M13,ORF1ab,LLDDFVEII_LLLDDFVEI
M15,ORF8,DFLEYHDVR_EDFLEYHDVR_LEYHDVRVV_LEYHDVRVVL_YEDFLEYHDVRVVL
M14,ORF1ab,AEAELAKNVSL_AELAKNVSLDNVL
M16,S,QYIKWPWYI_YEQYIKWPW_YEQYIKWPWY
M17,M,SELVIGAVI_SELVIGAVIL
M19,ORF1ab,FLPRVFSAV
M21,ORF1ab,VLWAHGFEL
M22,E,APAHISTI_LIVNSVLLFL_LLFLAFVVFL_SVLLFLAFV
M20,ORF7b,IMLIIFWFSL_MLIIFWFSL
M24,ORF3a,FVCNLLLLFV_LLFVTVYSHL_TVYSHLLLV
M26,ORF1ab,RQLLFVVEV
M23,S,DGVYFASTEK_GVYFASTEK_LPFNDGVYF_LPFNDGVYFA_VLPFNDGVY_VLPFNDGVYF
M18,S,FPNITNLCPF_QPTESIVRF_RFPNITNLCPF_TESIVRFPNI_VQPTESIVRF_VRFPNITNL
M25,S,KLPDDFTGCV
M28,S,LLTDEMIAQY_LTDEMIAQY_LTDEMIAQYT_VLPPLLTDEMIAQY
M29,ORF1ab,TVLSFCAFA_VLSFCAFAV
M27,ORF1ab,QLMCQPILL_QLMCQPILLL
M31,ORF3a,LLYDANYFL_LLYDANYFLC_LYDANYFLCW_NPLLYDANY_PLLYDANYFL_YDANYFLCW
M30,N,KAYNVTQAF
M32,ORF1ab,MVMCGGSLYV_VMCGGSLYV
M34,M,FLYIIKLIFL_FLYIIKLVFL_LYIIKLIFL_LYIIKLIFLW_RFLYIIKLIF_YIIKLIFLW_YIIKLIFLWL
M33,ORF1ab,YLNTLTLAV
M36,ORF1ab,MPASWVMRI
M37,S,FGEVFNATRF_FNATRFASVY_GEVFNATRF_NATRFASVY
M38,N,ALALLLLDR_GDAALALLLL_LALLLLDRL_LLLDRLNQL_LLLLDRLNQ_LLLLDRLNQL
M40,ORF1ab,KPLEFGATSAAL
M39,S,AIPTNFTISV_AYSNNSIAIPTNF_IPTNFTISV_NSIAIPTNF
M44,ORF1ab,FPPTSFGPL
M35,ORF1ab,TLIGDCATV
M45,ORF3a,SYFTSDYYQL_VLHSYFTSDY_YFTSDYYQLY
M41,ORF1ab,ILGTVSWNL_SNEKQEILGTVSW
M46,S,ASQSIIAYTM_RSVASQSII_SIIAYTMSL_SQSIIAYTM_VASQSIIAY
M48,S,YLQPRTFL_YLQPRTFLL_YYVGYLQPRTF
M51,N,AYKTFPPTEPK_KTFPPTEPK
M52,S,LEPLVDLPI
M56,ORF1ab,YLDAYNMMI
M57,ORF7a,CELYHYQECV_ITLATCELY_LITLATCELY_TLATCELYHY
M54,ORF1ab,KLWAQCVQL
M53,S,NYLYRLFRK_NYNYLYRLF
M43,S,FFSNVTWFH_FLPFFSNVT_LPFFSNVTW_LPFFSNVTWF_PFFSNVTWF_SNVTWFHAI
M55,ORF1ab,ALRKVPTDNYITTY_KVPTDNYITTY
M60,M,MWSFNPETNI_SFNPETNIL_SMWSFNPET
M61,S,GRLQSLQTY_LITGRLQSL_RLQSLQTYV
M63,S,CTFEYVSQPF_EYVSQPFLM_FEYVSQPFL
M66,S,STGSNVFQTR_TGSNVFQTR_VYSTGSNVF
M62,S,CFTNVYADSF_FTNVYADSF_FTNVYADSFV_KLNDLCFTNV_LNDLCFTNVY_NVYADSFVIR_VYADSFVIR
M59,ORF1ab,ILGLPTQTV
M65,ORF1ab,TMADLVYAL_YTMADLVYA
M67,S,APHGVVFL_APHGVVFLHV_GVVFLHVTY_VVFLHVTYV
M50,ORF1ab,YIFFASFYY
M69,ORF1ab,KLNVGDYFV
M70,ORF1ab,DTDFVNEFYAY_NRDVDTDFVNEFY
M73,ORF8,VDDPCPIHFY_VVDDPCPIHFY_YVVDDPCPI
M71,ORF1ab,FLCLFLLPSL_FLLPSLATV
M68,ORF1ab,ILHCANFNV
M79,S,TPINLVRDL
M82,ORF1ab,TLVPQEHYV
M81,S,EILDITPCSF
M83,S,AEVQIDRLI_AEVQIDRLIT_VEAEVQIDRL_VQIDRLITGR
M85,ORF3a,ALSKGVHFV
M88,S,FERDISTEI_FERDISTEIY_KPFERDISTEI
M92,ORF1ab,FLNRFTTTL
M94,S,NLNESLIDL
M98,M,FAYANRNRF_LQFAYANRNR_YANRNRFLY
M99,ORF7a,QECVRGTTVL
M104,S,TLDSKTQSL
M110,N,ELIRQGTDY_QELIRQGTDY_QELIRQGTDYKHW
M107,ORF6,HLVDFQVTI
M109,S,CTLKSFTVEK_SETKCTLKSF_TLKSFTVEK
M115,ORF7a,CPDGVKHVY_DGVKHVYQL_FAFACPDGVKHVY
M111,ORF1ab,AEIPKEEVKPF_ASKIITLKK_SASKIITLK
M116,M,EELKKLLEQW_KLLEQWNLV_QWNLVIGFLF
M118,N,ALNTPKDHI_ATEGALNTPK
M123,ORF3a,IPIQASLPF
M122,E,SLVKPSFYV
M140,N,NSSPDDQIGY_NTNSSPDDQIGYY_SSPDDQIGY_SSPDDQIGYY
M133,S,NQKLIANQF
M152,M,HLRIAGHHL_RIAGHHLGR
M165,N,QQQGQTVTK_QQQQGQTVTK
M166,S,RLDKVEAEV
M168,ORF1ab,FLLNKEMYL
M131,S,HLMSFPQSA_YHLMSFPQSA
M183,N,RIRGGDGKM_RIRGGDGKMK
M186,ORF1ab,LLSAGIFGA
M193,ORF1ab,VLQAVGACV
