Epitope,Peptide,Source,No.Resp.samples,No.cells.scRNA
A01_TTD,TTDPSFLGRY,NSP3,24/26,5076
A01_LTD,LTDEMIAQY,Spike,29/32,2253
A01_PTD,PTDNYITTY,NSP3,20/26,263
A01_FTS,FTSDYYQLY,ORF3,23/26,1092
A01_NTN,NTNSSPDDQIGYY,N,7ŒŽ26“ú,13
A01_DTD,DTDFVNEFY,RNP,12ŒŽ26“ú,121
A02_YLQ,YLQPRTFLL,Spike,31/42,559
A02_ALS,ALSKGVHFV,ORF3,24/33,419
A02_LLY,LLYDANYFL,ORF3,15/33,79
A24_VYI,VYIGDPAQL,NSP12,12ŒŽ17“ú,127
A24_QYI,QYIKWPWYI,Spike,18/22,161
A24_VYF,VYFLQSINF,ORF3,12ŒŽ17“ú,485
A24_NYN,NYNYLYRLF,Spike,18/22,263
B15_NQK,NQKLIANQF,Spike,19/19,568
B15_RVA,RVAGDSGFAAY,M,11ŒŽ16“ú,101
B44_AEV,AEVQIDRLI,Spike,9ŒŽ16“ú,82
B44_VEN_H,VENPHLMGWD,RNP,2ŒŽ13“ú,7
B44_QEL,QELIRQGTDY,N,10ŒŽ13“ú,55
